{"1": 36.31435949340123, "2": 21.185990897210296, "3": 89.6669335460802, "4": 35.97917485100114, "5": 93.24386920247936, "6": 36.58472021640561, "7": 37.3405646071827, "8": 83.54546088042288, "9": 96.85365794720286, "10": 1.3485198720135538}